INSERT INTO test_table (id, name) VALUES (1, 'Hola');
INSERT INTO test_table (id, name) VALUES (2, 'Test Name 2');
--INFORMACION DE CLIENTES
INSERT INTO Info_Cliente (id, correo, correo_confirmado, passkey, numero, created_at, updated_at) VALUES (1, 'juan.perez@example.com', 'TRUE', 'passkey123', '555-1234', SYSTIMESTAMP, NULL);
INSERT INTO Info_Cliente (id, correo, correo_confirmado, passkey, numero, created_at, updated_at) VALUES (2, 'jose.perez@example.com', 'TRUE', 'MYPASSS', '*53 1252135556', SYSTIMESTAMP, NULL);
INSERT INTO Info_Cliente (id, correo, correo_confirmado, passkey, numero, created_at, updated_at) VALUES (3, 'maria.garcia@example.com', 'TRUE', 'SECUREPASS123', '*54 1252234567', SYSTIMESTAMP, NULL);
INSERT INTO Info_Cliente (id, correo, correo_confirmado, passkey, numero, created_at, updated_at) VALUES (4, 'pedro.martinez@example.com', 'TRUE', 'MYSECUREPASS', '+55(1252345678)', SYSTIMESTAMP, NULL);
INSERT INTO Info_Cliente (id, correo, correo_confirmado, passkey, numero, created_at, updated_at) VALUES (5, 'luisa.lopez@example.com', 'TRUE', 'LUISAPASS2023', '*56+1252456789', SYSTIMESTAMP, NULL);
INSERT INTO Info_Cliente (id, correo, correo_confirmado, passkey, numero, created_at, updated_at) VALUES (6, 'juan.gomez@example.com', 'TRUE', 'JUANPASS987', '*57 (1252567890)', SYSTIMESTAMP, NULL);
INSERT INTO Info_Cliente (id, correo, correo_confirmado, passkey, numero, created_at, updated_at) VALUES (7, 'ana.sanchez@example.com', 'TRUE', 'ANAPASS5678', '+58 1252678901', SYSTIMESTAMP, NULL);
INSERT INTO Info_Cliente (id, correo, correo_confirmado, passkey, numero, created_at, updated_at) VALUES (8, 'luis.ramirez@example.com', 'TRUE', 'RAMIREZPASS', '*59 1252789012', SYSTIMESTAMP, NULL);
INSERT INTO Info_Cliente (id, correo, correo_confirmado, passkey, numero, created_at, updated_at) VALUES (9, 'elena.perez@example.com', 'TRUE', 'ELENAPASS4321', '*60 1252890123', SYSTIMESTAMP, NULL);
INSERT INTO Info_Cliente (id, correo, correo_confirmado, passkey, numero, created_at, updated_at) VALUES (10, 'carlos.morales@example.com', 'TRUE', 'CARLOSPASS1234', '*61 1252901234', SYSTIMESTAMP, NULL);
--LUGARES DE ENTREGA
INSERT INTO Lugar_Entrega (id, Numero_Hogar, Nombre_CA, Ciudad_Entrega, Estado_Entrega, Codigo_Postal, created_at, updated_at) VALUES (1, '123', 'Main Street', 'Los Angeles', 'California', '90001', SYSTIMESTAMP, NULL);
INSERT INTO Lugar_Entrega (id, Numero_Hogar, Nombre_CA, Ciudad_Entrega, Estado_Entrega, Codigo_Postal, created_at, updated_at) VALUES (2, '456', 'Broadway', 'New York', 'New York', '10001', SYSTIMESTAMP, NULL);
INSERT INTO Lugar_Entrega (id, Numero_Hogar, Nombre_CA, Ciudad_Entrega, Estado_Entrega, Codigo_Postal, created_at, updated_at) VALUES (3, '789', '5th Avenue', 'Chicago', 'Illinois', '60601', SYSTIMESTAMP, NULL);
INSERT INTO Lugar_Entrega (id, Numero_Hogar, Nombre_CA, Ciudad_Entrega, Estado_Entrega, Codigo_Postal, created_at, updated_at) VALUES (4, '101', 'Elm Street', 'Houston', 'Texas', '77001', SYSTIMESTAMP, NULL);
INSERT INTO Lugar_Entrega (id, Numero_Hogar, Nombre_CA, Ciudad_Entrega, Estado_Entrega, Codigo_Postal, created_at, updated_at) VALUES (5, '202', 'Sunset Boulevard', 'Phoenix', 'Arizona', '85001', SYSTIMESTAMP, NULL);
INSERT INTO Lugar_Entrega (id, Numero_Hogar, Nombre_CA, Ciudad_Entrega, Estado_Entrega, Codigo_Postal, created_at, updated_at) VALUES (6, '303', 'Pine Street', 'San Francisco', 'California', '94101', SYSTIMESTAMP, NULL);
INSERT INTO Lugar_Entrega (id, Numero_Hogar, Nombre_CA, Ciudad_Entrega, Estado_Entrega, Codigo_Postal, created_at, updated_at) VALUES (7, '404', 'Oak Avenue', 'Dallas', 'Texas', '75201', SYSTIMESTAMP, NULL);
INSERT INTO Lugar_Entrega (id, Numero_Hogar, Nombre_CA, Ciudad_Entrega, Estado_Entrega, Codigo_Postal, created_at, updated_at) VALUES (8, '505', 'Maple Drive', 'Miami', 'Florida', '33101', SYSTIMESTAMP, NULL);
INSERT INTO Lugar_Entrega (id, Numero_Hogar, Nombre_CA, Ciudad_Entrega, Estado_Entrega, Codigo_Postal, created_at, updated_at) VALUES (9, '606', 'Cedar Road', 'Seattle', 'Washington', '98101', SYSTIMESTAMP, NULL);
INSERT INTO Lugar_Entrega (id, Numero_Hogar, Nombre_CA, Ciudad_Entrega, Estado_Entrega, Codigo_Postal, created_at, updated_at) VALUES (10, '707', 'Washington Street', 'Boston', 'Massachusetts', '02101', SYSTIMESTAMP, NULL);
--SKU DE PRODUCTOS
INSERT INTO SKU (id, SKU, Nombre_Producto, Descripccion_Producto, Precio_Producto, created_at, updated_at) VALUES (1, 'SKU124', 'Camiseta Deportiva', 'Camiseta de algodón para actividades deportivas', 25.99, SYSTIMESTAMP, NULL);
INSERT INTO SKU (id, SKU, Nombre_Producto, Descripccion_Producto, Precio_Producto, created_at, updated_at) VALUES (2, 'SKU125', 'Zapatos Running', 'Zapatos deportivos para correr, ligeros y cómodos', 59.99, SYSTIMESTAMP, NULL);
INSERT INTO SKU (id, SKU, Nombre_Producto, Descripccion_Producto, Precio_Producto, created_at, updated_at) VALUES (3, 'SKU126', 'Auriculares Bluetooth', 'Auriculares inalámbricos con cancelación de ruido', 89.99, SYSTIMESTAMP, NULL);
INSERT INTO SKU (id, SKU, Nombre_Producto, Descripccion_Producto, Precio_Producto, created_at, updated_at) VALUES (4, 'SKU127', 'Mochila Impermeable', 'Mochila resistente al agua, ideal para exteriores', 45.50, SYSTIMESTAMP, NULL);
INSERT INTO SKU (id, SKU, Nombre_Producto, Descripccion_Producto, Precio_Producto, created_at, updated_at) VALUES (5, 'SKU128', 'Cafetera Automática', 'Cafetera eléctrica para preparación rápida de café', 99.00, SYSTIMESTAMP, NULL);
INSERT INTO SKU (id, SKU, Nombre_Producto, Descripccion_Producto, Precio_Producto, created_at, updated_at) VALUES (6, 'SKU129', 'Smartwatch', 'Reloj inteligente con monitor de actividad y notificaciones', 129.99, SYSTIMESTAMP, NULL);
INSERT INTO SKU (id, SKU, Nombre_Producto, Descripccion_Producto, Precio_Producto, created_at, updated_at) VALUES (7, 'SKU130', 'Cámara Digital', 'Cámara digital compacta con lente de 20 megapíxeles', 220.00, SYSTIMESTAMP, NULL);
INSERT INTO SKU (id, SKU, Nombre_Producto, Descripccion_Producto, Precio_Producto, created_at, updated_at) VALUES (8, 'SKU131', 'Lámpara LED', 'Lámpara LED regulable, ideal para oficina o estudio', 35.75, SYSTIMESTAMP, NULL);
INSERT INTO SKU (id, SKU, Nombre_Producto, Descripccion_Producto, Precio_Producto, created_at, updated_at) VALUES (9, 'SKU132', 'Teclado Mecánico', 'Teclado mecánico con retroiluminación RGB para gamers', 79.99, SYSTIMESTAMP, NULL);
INSERT INTO SKU (id, SKU, Nombre_Producto, Descripccion_Producto, Precio_Producto, created_at, updated_at) VALUES (10, 'SKU133', 'Silla Ergonómica', 'Silla ergonómica para oficina, con soporte lumbar ajustable', 150.00, SYSTIMESTAMP, NULL);
--SLUGS DE PRODUCTOS
INSERT INTO SLUG (id, SLUD_description, created_at, updated_at) VALUES (1, 'Tecnología y Gadgets', SYSTIMESTAMP, NULL);
INSERT INTO SLUG (id, SLUD_description, created_at, updated_at) VALUES (2, 'Ropa y Accesorios', SYSTIMESTAMP, NULL);
INSERT INTO SLUG (id, SLUD_description, created_at, updated_at) VALUES (3, 'Electrodomésticos para el hogar', SYSTIMESTAMP, NULL);
INSERT INTO SLUG (id, SLUD_description, created_at, updated_at) VALUES (4, 'Muebles y Decoración', SYSTIMESTAMP, NULL);
INSERT INTO SLUG (id, SLUD_description, created_at, updated_at) VALUES (5, 'Deportes y Actividades al aire libre', SYSTIMESTAMP, NULL);
INSERT INTO SLUG (id, SLUD_description, created_at, updated_at) VALUES (6, 'Alimentos y Bebidas', SYSTIMESTAMP, NULL);
INSERT INTO SLUG (id, SLUD_description, created_at, updated_at) VALUES (7, 'Belleza y Cuidado Personal', SYSTIMESTAMP, NULL);
INSERT INTO SLUG (id, SLUD_description, created_at, updated_at) VALUES (8, 'Automotriz y Accesorios', SYSTIMESTAMP, NULL);
INSERT INTO SLUG (id, SLUD_description, created_at, updated_at) VALUES (9, 'Juguetes y Entretenimiento', SYSTIMESTAMP, NULL);
INSERT INTO SLUG (id, SLUD_description, created_at, updated_at) VALUES (10, 'Productos para el hogar y jardinería', SYSTIMESTAMP, NULL);
--DEPARTAMENTOS
INSERT INTO DEPARTAMENTO (id, Funcion_Departamento, Nombre_Departamento, created_at, updated_at) VALUES (1, 'Gestión de Recursos Humanos', 'Departamento de Recursos Humanos', SYSTIMESTAMP, NULL);
INSERT INTO DEPARTAMENTO (id, Funcion_Departamento, Nombre_Departamento, created_at, updated_at) VALUES (2, 'Gestión Financiera y Contable', 'Departamento de Finanzas', SYSTIMESTAMP, NULL);
INSERT INTO DEPARTAMENTO (id, Funcion_Departamento, Nombre_Departamento, created_at, updated_at) VALUES (3, 'Desarrollo de Productos', 'Departamento de Investigación y Desarrollo', SYSTIMESTAMP, NULL);
INSERT INTO DEPARTAMENTO (id, Funcion_Departamento, Nombre_Departamento, created_at, updated_at) VALUES (4, 'Atención al cliente y soporte', 'Departamento de Atención al Cliente', SYSTIMESTAMP, NULL);
INSERT INTO DEPARTAMENTO (id, Funcion_Departamento, Nombre_Departamento, created_at, updated_at) VALUES (5, 'Gestión de Marketing y Publicidad', 'Departamento de Marketing', SYSTIMESTAMP, NULL);
INSERT INTO DEPARTAMENTO (id, Funcion_Departamento, Nombre_Departamento, created_at, updated_at) VALUES (6, 'Control de calidad y mejora continua', 'Departamento de Calidad', SYSTIMESTAMP, NULL);
INSERT INTO DEPARTAMENTO (id, Funcion_Departamento, Nombre_Departamento, created_at, updated_at) VALUES (7, 'Gestión de Tecnología y Sistemas', 'Departamento de Tecnología de la Información', SYSTIMESTAMP, NULL);
INSERT INTO DEPARTAMENTO (id, Funcion_Departamento, Nombre_Departamento, created_at, updated_at) VALUES (8, 'Logística y distribución', 'Departamento de Logística', SYSTIMESTAMP, NULL);
INSERT INTO DEPARTAMENTO (id, Funcion_Departamento, Nombre_Departamento, created_at, updated_at) VALUES (9, 'Gestión legal y cumplimiento', 'Departamento Legal', SYSTIMESTAMP, NULL);
INSERT INTO DEPARTAMENTO (id, Funcion_Departamento, Nombre_Departamento, created_at, updated_at) VALUES (10, 'Desarrollo de proyectos y estrategias', 'Departamento de Proyectos', SYSTIMESTAMP, NULL);
--INFORMACION DE TRABAJADORES
INSERT INTO Info_trabajador (id, correo, numero, puesto, created_at, updated_at) VALUES (1, 'elena.morales@almacen-guanajuato.com', '1234567900', 'Recepcionista de Almacén', SYSTIMESTAMP, NULL);
INSERT INTO Info_trabajador (id, correo, numero, puesto, created_at, updated_at) VALUES (2, 'maria.garcia@almacen-guadalajara.com', '1234567891', 'Encargada de Inventarios', SYSTIMESTAMP, NULL);
INSERT INTO Info_trabajador (id, correo, numero, puesto, created_at, updated_at) VALUES (3, 'juan.perez@almacen-monterrey.com', '1234567892', 'Jefe de Almacén', SYSTIMESTAMP, NULL);
INSERT INTO Info_trabajador (id, correo, numero, puesto, created_at, updated_at) VALUES (4, 'ana.sanchez@almacen-tijuana.com', '1234567893', 'Operario de Almacén', SYSTIMESTAMP, NULL);
INSERT INTO Info_trabajador (id, correo, numero, puesto, created_at, updated_at) VALUES (5, 'luis.martinez@almacen-puebla.com', '1234567894', 'Supervisor de Logística', SYSTIMESTAMP, NULL);
INSERT INTO Info_trabajador (id, correo, numero, puesto, created_at, updated_at) VALUES (6, 'carlos.lopez@almacen-cancun.com', '1234567895', 'Coordinador de Despacho', SYSTIMESTAMP, NULL);
INSERT INTO Info_trabajador (id, correo, numero, puesto, created_at, updated_at) VALUES (7, 'sofia.gomez@almacen-leon.com', '1234567896', 'Auxiliar de Almacén', SYSTIMESTAMP, NULL);
INSERT INTO Info_trabajador (id, correo, numero, puesto, created_at, updated_at) VALUES (8, 'jorge.fernandez@almacen-veracruz.com', '1234567897', 'Operador de Montacargas', SYSTIMESTAMP, NULL);
INSERT INTO Info_trabajador (id, correo, numero, puesto, created_at, updated_at) VALUES (9, 'lucia.ramirez@almacen-morelia.com', '1234567898', 'Controladora de Inventarios', SYSTIMESTAMP, NULL);
INSERT INTO Info_trabajador (id, correo, numero, puesto, created_at, updated_at) VALUES (10, 'pedro.garcia@almacen-mazatlan.com', '1234567899', 'Asistente de Logística', SYSTIMESTAMP, NULL);
--SEDES
INSERT INTO SEDE (id, Nombre_Sede, created_at, updated_at) VALUES (1, 'Headquarters New York', SYSTIMESTAMP, NULL);
INSERT INTO SEDE (id, Nombre_Sede, created_at, updated_at) VALUES (2, 'Branch Los Angeles', SYSTIMESTAMP, NULL);
INSERT INTO SEDE (id, Nombre_Sede, created_at, updated_at) VALUES (3, 'Branch Chicago', SYSTIMESTAMP, NULL);
INSERT INTO SEDE (id, Nombre_Sede, created_at, updated_at) VALUES (4, 'Office San Francisco', SYSTIMESTAMP, NULL);
INSERT INTO SEDE (id, Nombre_Sede, created_at, updated_at) VALUES (5, 'Branch Miami', SYSTIMESTAMP, NULL);
INSERT INTO SEDE (id, Nombre_Sede, created_at, updated_at) VALUES (6, 'Headquarters Houston', SYSTIMESTAMP, NULL);
INSERT INTO SEDE (id, Nombre_Sede, created_at, updated_at) VALUES (7, 'Branch Dallas', SYSTIMESTAMP, NULL);
INSERT INTO SEDE (id, Nombre_Sede, created_at, updated_at) VALUES (8, 'Office Atlanta', SYSTIMESTAMP, NULL);
INSERT INTO SEDE (id, Nombre_Sede, created_at, updated_at) VALUES (9, 'Headquarters Seattle', SYSTIMESTAMP, NULL);
INSERT INTO SEDE (id, Nombre_Sede, created_at, updated_at) VALUES (10, 'Branch Boston', SYSTIMESTAMP, NULL);
--CATEGORIAS
INSERT INTO CATEGORIAS (id, Nombre_Categoria, created_at, updated_at) VALUES (1, 'Tecnología', SYSTIMESTAMP, NULL);
INSERT INTO CATEGORIAS (id, Nombre_Categoria, created_at, updated_at) VALUES (2, 'Ropa y Accesorios', SYSTIMESTAMP, NULL);
INSERT INTO CATEGORIAS (id, Nombre_Categoria, created_at, updated_at) VALUES (3, 'Electrodomésticos', SYSTIMESTAMP, NULL);
INSERT INTO CATEGORIAS (id, Nombre_Categoria, created_at, updated_at) VALUES (4, 'Hogar y Muebles', SYSTIMESTAMP, NULL);
INSERT INTO CATEGORIAS (id, Nombre_Categoria, created_at, updated_at) VALUES (5, 'Deportes y Ocio', SYSTIMESTAMP, NULL);
INSERT INTO CATEGORIAS (id, Nombre_Categoria, created_at, updated_at) VALUES (6, 'Alimentos y Bebidas', SYSTIMESTAMP, NULL);
INSERT INTO CATEGORIAS (id, Nombre_Categoria, created_at, updated_at) VALUES (7, 'Salud y Belleza', SYSTIMESTAMP, NULL);
INSERT INTO CATEGORIAS (id, Nombre_Categoria, created_at, updated_at) VALUES (8, 'Automotriz', SYSTIMESTAMP, NULL);
INSERT INTO CATEGORIAS (id, Nombre_Categoria, created_at, updated_at) VALUES (9, 'Juguetes y Entretenimiento', SYSTIMESTAMP, NULL);
INSERT INTO CATEGORIAS (id, Nombre_Categoria, created_at, updated_at) VALUES (10, 'Oficina y Papelería', SYSTIMESTAMP, NULL);
--CLIENTES
INSERT INTO CLIENTE (id, Documento_nacional, Nombre_Cliente, Apellido_Cliente, Actiivo, created_at, updated_at, id_info_cliente) VALUES (1, '987654321', 'Juan Carlos', 'Perez Jiménez', 'TRUE', SYSTIMESTAMP, NULL, 1);
INSERT INTO CLIENTE (id, Documento_nacional, Nombre_Cliente, Apellido_Cliente, Actiivo, created_at, updated_at, id_info_cliente) VALUES (2, '987654322', 'Jose Luis', 'Gomez Martínez', 'TRUE', SYSTIMESTAMP, NULL, 2);
INSERT INTO CLIENTE (id, Documento_nacional, Nombre_Cliente, Apellido_Cliente, Actiivo, created_at, updated_at, id_info_cliente) VALUES (3, '987654323', 'Maria Isabel', 'Garcia López', 'TRUE', SYSTIMESTAMP, NULL, 3);
INSERT INTO CLIENTE (id, Documento_nacional, Nombre_Cliente, Apellido_Cliente, Actiivo, created_at, updated_at, id_info_cliente) VALUES (4, '987654324', 'Pedro Antonio', 'Martinez Ruiz', 'TRUE', SYSTIMESTAMP, NULL, 4);
INSERT INTO CLIENTE (id, Documento_nacional, Nombre_Cliente, Apellido_Cliente, Actiivo, created_at, updated_at, id_info_cliente) VALUES (5, '987654325', 'Luisa Fernanda', 'Lopez García', 'TRUE', SYSTIMESTAMP, NULL, 5);
INSERT INTO CLIENTE (id, Documento_nacional, Nombre_Cliente, Apellido_Cliente, Actiivo, created_at, updated_at, id_info_cliente) VALUES (6, '987654326', 'Juan Manuel', 'Gomez Pérez', 'TRUE', SYSTIMESTAMP, NULL, 6);
INSERT INTO CLIENTE (id, Documento_nacional, Nombre_Cliente, Apellido_Cliente, Actiivo, created_at, updated_at, id_info_cliente) VALUES (7, '987654327', 'Ana María', 'Sanchez Rodríguez', 'TRUE', SYSTIMESTAMP, NULL, 7);
INSERT INTO CLIENTE (id, Documento_nacional, Nombre_Cliente, Apellido_Cliente, Actiivo, created_at, updated_at, id_info_cliente) VALUES (8, '987654328', 'Luis Enrique', 'Ramirez Martínez', 'TRUE', SYSTIMESTAMP, NULL, 8);
INSERT INTO CLIENTE (id, Documento_nacional, Nombre_Cliente, Apellido_Cliente, Actiivo, created_at, updated_at, id_info_cliente) VALUES (9, '987654329', 'Elena Sofia', 'Perez Sánchez', 'TRUE', SYSTIMESTAMP, NULL, 9);
INSERT INTO CLIENTE (id, Documento_nacional, Nombre_Cliente, Apellido_Cliente, Actiivo, created_at, updated_at, id_info_cliente) VALUES (10, '987654330', 'Carlos Alberto', 'Morales Fernández', 'TRUE', SYSTIMESTAMP, NULL, 10);
--PRODUCTOS
INSERT INTO PRODUCTO (id, created_at, updated_at, Id_Categoria, id_sku, id_slug) VALUES (1, SYSTIMESTAMP, NULL, 1, 1, 1);
INSERT INTO PRODUCTO (id, created_at, updated_at, Id_Categoria, id_sku, id_slug) VALUES (2, SYSTIMESTAMP, NULL, 2, 2, 2);
INSERT INTO PRODUCTO (id, created_at, updated_at, Id_Categoria, id_sku, id_slug) VALUES (3, SYSTIMESTAMP, NULL, 3, 3, 3);
INSERT INTO PRODUCTO (id, created_at, updated_at, Id_Categoria, id_sku, id_slug) VALUES (4, SYSTIMESTAMP, NULL, 4, 4, 4);
INSERT INTO PRODUCTO (id, created_at, updated_at, Id_Categoria, id_sku, id_slug) VALUES (5, SYSTIMESTAMP, NULL, 5, 5, 5);
INSERT INTO PRODUCTO (id, created_at, updated_at, Id_Categoria, id_sku, id_slug) VALUES (6, SYSTIMESTAMP, NULL, 6, 6, 6);
INSERT INTO PRODUCTO (id, created_at, updated_at, Id_Categoria, id_sku, id_slug) VALUES (7, SYSTIMESTAMP, NULL, 7, 7, 7);
INSERT INTO PRODUCTO (id, created_at, updated_at, Id_Categoria, id_sku, id_slug) VALUES (8, SYSTIMESTAMP, NULL, 8, 8, 8);
INSERT INTO PRODUCTO (id, created_at, updated_at, Id_Categoria, id_sku, id_slug) VALUES (9, SYSTIMESTAMP, NULL, 9, 9, 9);
INSERT INTO PRODUCTO (id, created_at, updated_at, Id_Categoria, id_sku, id_slug) VALUES (10, SYSTIMESTAMP, NULL, 10, 10, 10);
--TRABAJADORES
INSERT INTO TRABAJADORES (id, Documento_nacional, Nombre_Trabajador, Apellido_Trabajador, Actiivo, created_at, updated_at, id_info_trabajador, Id_Sede, Id_Departamento) VALUES (1, '112233445', 'Andres Felipe', 'Ramirez Torres', 'TRUE', SYSTIMESTAMP, NULL, 1, 1, 1);
INSERT INTO TRABAJADORES (id, Documento_nacional, Nombre_Trabajador, Apellido_Trabajador, Actiivo, created_at, updated_at, id_info_trabajador, Id_Sede, Id_Departamento) VALUES (2, '223344556', 'Laura Isabel', 'Martinez Gómez', 'TRUE', SYSTIMESTAMP, NULL, 2, 2, 2);
INSERT INTO TRABAJADORES (id, Documento_nacional, Nombre_Trabajador, Apellido_Trabajador, Actiivo, created_at, updated_at, id_info_trabajador, Id_Sede, Id_Departamento) VALUES (3, '334455667', 'Carlos Alberto', 'Pérez Castro', 'TRUE', SYSTIMESTAMP, NULL, 3, 3, 3);
INSERT INTO TRABAJADORES (id, Documento_nacional, Nombre_Trabajador, Apellido_Trabajador, Actiivo, created_at, updated_at, id_info_trabajador, Id_Sede, Id_Departamento) VALUES (4, '445566778', 'Marta Lucia', 'Lopez Delgado', 'TRUE', SYSTIMESTAMP, NULL, 4, 4, 4);
INSERT INTO TRABAJADORES (id, Documento_nacional, Nombre_Trabajador, Apellido_Trabajador, Actiivo, created_at, updated_at, id_info_trabajador, Id_Sede, Id_Departamento) VALUES (5, '556677889', 'Jorge Luis', 'Sánchez Pérez', 'TRUE', SYSTIMESTAMP, NULL, 5, 5, 5);
INSERT INTO TRABAJADORES (id, Documento_nacional, Nombre_Trabajador, Apellido_Trabajador, Actiivo, created_at, updated_at, id_info_trabajador, Id_Sede, Id_Departamento) VALUES (6, '667788990', 'Patricia Fernanda', 'Ramírez Sánchez', 'TRUE', SYSTIMESTAMP, NULL, 6, 6, 6);
INSERT INTO TRABAJADORES (id, Documento_nacional, Nombre_Trabajador, Apellido_Trabajador, Actiivo, created_at, updated_at, id_info_trabajador, Id_Sede, Id_Departamento) VALUES (7, '778899001', 'Ricardo Andrés', 'Gonzalez Pérez', 'TRUE', SYSTIMESTAMP, NULL, 7, 7, 7);
INSERT INTO TRABAJADORES (id, Documento_nacional, Nombre_Trabajador, Apellido_Trabajador, Actiivo, created_at, updated_at, id_info_trabajador, Id_Sede, Id_Departamento) VALUES (8, '889900112', 'Verónica Alicia', 'Martínez Gómez', 'TRUE', SYSTIMESTAMP, NULL, 8, 8, 8);
INSERT INTO TRABAJADORES (id, Documento_nacional, Nombre_Trabajador, Apellido_Trabajador, Actiivo, created_at, updated_at, id_info_trabajador, Id_Sede, Id_Departamento) VALUES (9, '990011223', 'Oscar Eduardo', 'Hernández Díaz', 'TRUE', SYSTIMESTAMP, NULL, 9, 9, 9);
INSERT INTO TRABAJADORES (id, Documento_nacional, Nombre_Trabajador, Apellido_Trabajador, Actiivo, created_at, updated_at, id_info_trabajador, Id_Sede, Id_Departamento) VALUES (10, '101112233', 'Felipe Jesús', 'Gutiérrez Martínez', 'TRUE', SYSTIMESTAMP, NULL, 10, 10, 10);
--ORDENES
INSERT INTO ORDENES (id, created_at, updated_at, id_cliente, Id_Sede) VALUES (1, SYSTIMESTAMP, NULL, 1, 1);
INSERT INTO ORDENES (id, created_at, updated_at, id_cliente, Id_Sede) VALUES (2, SYSTIMESTAMP, NULL, 2, 2);
INSERT INTO ORDENES (id, created_at, updated_at, id_cliente, Id_Sede) VALUES (3, SYSTIMESTAMP, NULL, 3, 3);
INSERT INTO ORDENES (id, created_at, updated_at, id_cliente, Id_Sede) VALUES (4, SYSTIMESTAMP, NULL, 4, 4);
INSERT INTO ORDENES (id, created_at, updated_at, id_cliente, Id_Sede) VALUES (5, SYSTIMESTAMP, NULL, 5, 5);
INSERT INTO ORDENES (id, created_at, updated_at, id_cliente, Id_Sede) VALUES (6, SYSTIMESTAMP, NULL, 6, 6);
INSERT INTO ORDENES (id, created_at, updated_at, id_cliente, Id_Sede) VALUES (7, SYSTIMESTAMP, NULL, 7, 7);
INSERT INTO ORDENES (id, created_at, updated_at, id_cliente, Id_Sede) VALUES (8, SYSTIMESTAMP, NULL, 8, 8);
INSERT INTO ORDENES (id, created_at, updated_at, id_cliente, Id_Sede) VALUES (9, SYSTIMESTAMP, NULL, 9, 9);
INSERT INTO ORDENES (id, created_at, updated_at, id_cliente, Id_Sede) VALUES (10, SYSTIMESTAMP, NULL, 10, 10);
--ORDENES ENTREGADAS
INSERT INTO Ordenes_Entregadas (id, company, Estado_de_Entrega, created_at, updated_at, id_orden, id_lugar_entrega) VALUES (1, 'Tech Solutions Inc.', 'Entregado', SYSTIMESTAMP, NULL, 1, 1);
INSERT INTO Ordenes_Entregadas (id, company, Estado_de_Entrega, created_at, updated_at, id_orden, id_lugar_entrega) VALUES (2, 'Global Electronics', 'Pendiente', SYSTIMESTAMP, NULL, 2, 2);
INSERT INTO Ordenes_Entregadas (id, company, Estado_de_Entrega, created_at, updated_at, id_orden, id_lugar_entrega) VALUES (3, 'GreenTech Ltd.', 'En tránsito', SYSTIMESTAMP, NULL, 3, 3);
INSERT INTO Ordenes_Entregadas (id, company, Estado_de_Entrega, created_at, updated_at, id_orden, id_lugar_entrega) VALUES (4, 'Smart Home Solutions', 'Entregado', SYSTIMESTAMP, NULL, 4, 4);
INSERT INTO Ordenes_Entregadas (id, company, Estado_de_Entrega, created_at, updated_at, id_orden, id_lugar_entrega) VALUES (5, 'Innovative Appliances Co.', 'Pendiente', SYSTIMESTAMP, NULL, 5, 5);
INSERT INTO Ordenes_Entregadas (id, company, Estado_de_Entrega, created_at, updated_at, id_orden, id_lugar_entrega) VALUES (6, 'Visionary Electronics', 'Entregado', SYSTIMESTAMP, NULL, 6, 6);
INSERT INTO Ordenes_Entregadas (id, company, Estado_de_Entrega, created_at, updated_at, id_orden, id_lugar_entrega) VALUES (7, 'EcoFriendly Devices', 'En tránsito', SYSTIMESTAMP, NULL, 7, 7);
INSERT INTO Ordenes_Entregadas (id, company, Estado_de_Entrega, created_at, updated_at, id_orden, id_lugar_entrega) VALUES (8, 'PowerUp Gadgets', 'Entregado', SYSTIMESTAMP, NULL, 8, 8);
INSERT INTO Ordenes_Entregadas (id, company, Estado_de_Entrega, created_at, updated_at, id_orden, id_lugar_entrega) VALUES (9, 'NextGen Technologies', 'Pendiente', SYSTIMESTAMP, NULL, 9, 9);
INSERT INTO Ordenes_Entregadas (id, company, Estado_de_Entrega, created_at, updated_at, id_orden, id_lugar_entrega) VALUES (10, 'Digital Innovators', 'En tránsito', SYSTIMESTAMP, NULL, 10, 10);
--PAGOS
INSERT INTO PAGOS (id, Metodo_pago, created_at, updated_at, id_cliente) VALUES (1, 'Tarjeta', SYSTIMESTAMP, NULL, 1);
INSERT INTO PAGOS (id, Metodo_pago, created_at, updated_at, id_cliente) VALUES (2, 'Efectivo', SYSTIMESTAMP, NULL, 2);
INSERT INTO PAGOS (id, Metodo_pago, created_at, updated_at, id_cliente) VALUES (3, 'Transferencia', SYSTIMESTAMP, NULL, 3);
INSERT INTO PAGOS (id, Metodo_pago, created_at, updated_at, id_cliente) VALUES (4, 'Tarjeta', SYSTIMESTAMP, NULL, 4);
INSERT INTO PAGOS (id, Metodo_pago, created_at, updated_at, id_cliente) VALUES (5, 'Efectivo', SYSTIMESTAMP, NULL, 5);
INSERT INTO PAGOS (id, Metodo_pago, created_at, updated_at, id_cliente) VALUES (6, 'Transferencia', SYSTIMESTAMP, NULL, 6);
INSERT INTO PAGOS (id, Metodo_pago, created_at, updated_at, id_cliente) VALUES (7, 'Tarjeta', SYSTIMESTAMP, NULL, 7);
INSERT INTO PAGOS (id, Metodo_pago, created_at, updated_at, id_cliente) VALUES (8, 'Efectivo', SYSTIMESTAMP, NULL, 8);
INSERT INTO PAGOS (id, Metodo_pago, created_at, updated_at, id_cliente) VALUES (9, 'Transferencia', SYSTIMESTAMP, NULL, 9);
INSERT INTO PAGOS (id, Metodo_pago, created_at, updated_at, id_cliente) VALUES (10, 'Tarjeta', SYSTIMESTAMP, NULL, 10);
--DIRECCIONES
INSERT INTO DIRECCIONES (id, numero_residencia, Nombre_CA, Ciudad, Estado, Codigo_Postal, created_at, updated_at, id_cliente) VALUES (1, '123', 'Baker Street', 'Los Angeles', 'California', '90001', SYSTIMESTAMP, NULL, 1);
INSERT INTO DIRECCIONES (id, numero_residencia, Nombre_CA, Ciudad, Estado, Codigo_Postal, created_at, updated_at, id_cliente) VALUES (2, '456', 'Elm Avenue', 'New York', 'New York', '10001', SYSTIMESTAMP, NULL, 2);
INSERT INTO DIRECCIONES (id, numero_residencia, Nombre_CA, Ciudad, Estado, Codigo_Postal, created_at, updated_at, id_cliente) VALUES (3, '789', 'Cedar Road', 'Chicago', 'Illinois', '60601', SYSTIMESTAMP, NULL, 3);
INSERT INTO DIRECCIONES (id, numero_residencia, Nombre_CA, Ciudad, Estado, Codigo_Postal, created_at, updated_at, id_cliente) VALUES (4, '101', 'Pine Street', 'Houston', 'Texas', '77001', SYSTIMESTAMP, NULL, 4);
INSERT INTO DIRECCIONES (id, numero_residencia, Nombre_CA, Ciudad, Estado, Codigo_Postal, created_at, updated_at, id_cliente) VALUES (5, '202', 'Sunset Boulevard', 'Phoenix', 'Arizona', '85001', SYSTIMESTAMP, NULL, 5);
INSERT INTO DIRECCIONES (id, numero_residencia, Nombre_CA, Ciudad, Estado, Codigo_Postal, created_at, updated_at, id_cliente) VALUES (6, '303', 'River Road', 'San Francisco', 'California', '94101', SYSTIMESTAMP, NULL, 6);
INSERT INTO DIRECCIONES (id, numero_residencia, Nombre_CA, Ciudad, Estado, Codigo_Postal, created_at, updated_at, id_cliente) VALUES (7, '404', 'Oak Drive', 'Dallas', 'Texas', '75201', SYSTIMESTAMP, NULL, 7);
INSERT INTO DIRECCIONES (id, numero_residencia, Nombre_CA, Ciudad, Estado, Codigo_Postal, created_at, updated_at, id_cliente) VALUES (8, '505', 'Maple Lane', 'Miami', 'Florida', '33101', SYSTIMESTAMP, NULL, 8);
INSERT INTO DIRECCIONES (id, numero_residencia, Nombre_CA, Ciudad, Estado, Codigo_Postal, created_at, updated_at, id_cliente) VALUES (9, '606', 'Cypress Street', 'Seattle', 'Washington', '98101', SYSTIMESTAMP, NULL, 9);
INSERT INTO DIRECCIONES (id, numero_residencia, Nombre_CA, Ciudad, Estado, Codigo_Postal, created_at, updated_at, id_cliente) VALUES (10, '707', 'Washington Avenue', 'Boston', 'Massachusetts', '02101', SYSTIMESTAMP, NULL, 10);
--PRODUCTOS DEVOLUCION
INSERT INTO Productos_Devolucion (id, Descripcion, Estado_devolucion, fecha_solicitud, created_at, updated_at, id_producto) VALUES (1, 'Producto defectuoso', 'En proceso', SYSTIMESTAMP, SYSTIMESTAMP, NULL, 1);
INSERT INTO Productos_Devolucion (id, Descripcion, Estado_devolucion, fecha_solicitud, created_at, updated_at, id_producto) VALUES (2, 'Producto no coincide con la descripción', 'Completada', SYSTIMESTAMP, SYSTIMESTAMP, NULL, 2);
INSERT INTO Productos_Devolucion (id, Descripcion, Estado_devolucion, fecha_solicitud, created_at, updated_at, id_producto) VALUES (3, 'Producto dañado durante el envío', 'En proceso', SYSTIMESTAMP, SYSTIMESTAMP, NULL, 3);
INSERT INTO Productos_Devolucion (id, Descripcion, Estado_devolucion, fecha_solicitud, created_at, updated_at, id_producto) VALUES (4, 'Tamaño incorrecto', 'Pendiente', SYSTIMESTAMP, SYSTIMESTAMP, NULL, 4);
INSERT INTO Productos_Devolucion (id, Descripcion, Estado_devolucion, fecha_solicitud, created_at, updated_at, id_producto) VALUES (5, 'Producto recibido es diferente al pedido', 'Completada', SYSTIMESTAMP, SYSTIMESTAMP, NULL, 5);
INSERT INTO Productos_Devolucion (id, Descripcion, Estado_devolucion, fecha_solicitud, created_at, updated_at, id_producto) VALUES (6, 'Producto defectuoso', 'Pendiente', SYSTIMESTAMP, SYSTIMESTAMP, NULL, 6);
INSERT INTO Productos_Devolucion (id, Descripcion, Estado_devolucion, fecha_solicitud, created_at, updated_at, id_producto) VALUES (7, 'Producto no satisface las expectativas', 'En proceso', SYSTIMESTAMP, SYSTIMESTAMP, NULL, 7);
INSERT INTO Productos_Devolucion (id, Descripcion, Estado_devolucion, fecha_solicitud, created_at, updated_at, id_producto) VALUES (8, 'Producto con fallos eléctricos', 'Completada', SYSTIMESTAMP, SYSTIMESTAMP, NULL, 8);
INSERT INTO Productos_Devolucion (id, Descripcion, Estado_devolucion, fecha_solicitud, created_at, updated_at, id_producto) VALUES (9, 'Defecto en la pantalla', 'Pendiente', SYSTIMESTAMP, SYSTIMESTAMP, NULL, 9);
INSERT INTO Productos_Devolucion (id, Descripcion, Estado_devolucion, fecha_solicitud, created_at, updated_at, id_producto) VALUES (10, 'Error en el embalaje', 'En proceso', SYSTIMESTAMP, SYSTIMESTAMP, NULL, 10);
--INVENTARIO
INSERT INTO Inventario (id, Cantidad_inventario, created_at, updated_at, id_producto, id_sede) VALUES (1, 100000, SYSTIMESTAMP, NULL, 1, 1);
INSERT INTO Inventario (id, Cantidad_inventario, created_at, updated_at, id_producto, id_sede) VALUES (2, 255565, SYSTIMESTAMP, NULL, 2, 2);
INSERT INTO Inventario (id, Cantidad_inventario, created_at, updated_at, id_producto, id_sede) VALUES (3, 846351, SYSTIMESTAMP, NULL, 3, 3);
INSERT INTO Inventario (id, Cantidad_inventario, created_at, updated_at, id_producto, id_sede) VALUES (4, 48951, SYSTIMESTAMP, NULL, 4, 4);
INSERT INTO Inventario (id, Cantidad_inventario, created_at, updated_at, id_producto, id_sede) VALUES (5, 1231, SYSTIMESTAMP, NULL, 5, 5);
INSERT INTO Inventario (id, Cantidad_inventario, created_at, updated_at, id_producto, id_sede) VALUES (6, 79899, SYSTIMESTAMP, NULL, 6, 6);
INSERT INTO Inventario (id, Cantidad_inventario, created_at, updated_at, id_producto, id_sede) VALUES (7, 4555, SYSTIMESTAMP, NULL, 7, 7);
INSERT INTO Inventario (id, Cantidad_inventario, created_at, updated_at, id_producto, id_sede) VALUES (8, 300, SYSTIMESTAMP, NULL, 8, 8);
INSERT INTO Inventario (id, Cantidad_inventario, created_at, updated_at, id_producto, id_sede) VALUES (9, 8465, SYSTIMESTAMP, NULL, 9, 9);
INSERT INTO Inventario (id, Cantidad_inventario, created_at, updated_at, id_producto, id_sede) VALUES (10, 526, SYSTIMESTAMP, NULL, 10, 10);
--IMAGENES
INSERT INTO Imagenes (id, URL, created_at, updated_at, id_producto) VALUES (1, 'http://imagenP1.com', SYSTIMESTAMP, NULL, 1);
INSERT INTO Imagenes (id, URL, created_at, updated_at, id_producto) VALUES (2, 'http://imagenP2.com', SYSTIMESTAMP, NULL, 2);
INSERT INTO Imagenes (id, URL, created_at, updated_at, id_producto) VALUES (3, 'http://imagenP3.com', SYSTIMESTAMP, NULL, 3);
INSERT INTO Imagenes (id, URL, created_at, updated_at, id_producto) VALUES (4, 'http://imagenP4.com', SYSTIMESTAMP, NULL, 4);
INSERT INTO Imagenes (id, URL, created_at, updated_at, id_producto) VALUES (5, 'http://imagenP5.com', SYSTIMESTAMP, NULL, 5);
INSERT INTO Imagenes (id, URL, created_at, updated_at, id_producto) VALUES (6, 'http://imagenP6.com', SYSTIMESTAMP, NULL, 6);
INSERT INTO Imagenes (id, URL, created_at, updated_at, id_producto) VALUES (7, 'http://imagenP7.com', SYSTIMESTAMP, NULL, 7);
INSERT INTO Imagenes (id, URL, created_at, updated_at, id_producto) VALUES (8, 'http://imagenP8.com', SYSTIMESTAMP, NULL, 8);
INSERT INTO Imagenes (id, URL, created_at, updated_at, id_producto) VALUES (9, 'http://imagenP9.com', SYSTIMESTAMP, NULL, 9);
INSERT INTO Imagenes (id, URL, created_at, updated_at, id_producto) VALUES (10, 'http://imagenP10.com', SYSTIMESTAMP, NULL, 10);
--PAGO DE ORDENES
INSERT INTO Pago_Ordenes (id, Cantidad_ordenada, precio_orden, created_at, updated_at, id_orden, id_producto) VALUES (1, 1, 100, SYSTIMESTAMP, NULL, 1, 1);
INSERT INTO Pago_Ordenes (id, Cantidad_ordenada, precio_orden, created_at, updated_at, id_orden, id_producto) VALUES (2, 1, 1200, SYSTIMESTAMP, NULL, 2, 2);
INSERT INTO Pago_Ordenes (id, Cantidad_ordenada, precio_orden, created_at, updated_at, id_orden, id_producto) VALUES (3, 1, 5000, SYSTIMESTAMP, NULL, 3, 3);
INSERT INTO Pago_Ordenes (id, Cantidad_ordenada, precio_orden, created_at, updated_at, id_orden, id_producto) VALUES (4, 1, 50, SYSTIMESTAMP, NULL, 4, 4);
INSERT INTO Pago_Ordenes (id, Cantidad_ordenada, precio_orden, created_at, updated_at, id_orden, id_producto) VALUES (5, 1, 2000, SYSTIMESTAMP, NULL, 5, 5);
INSERT INTO Pago_Ordenes (id, Cantidad_ordenada, precio_orden, created_at, updated_at, id_orden, id_producto) VALUES (6, 1, 1000, SYSTIMESTAMP, NULL, 6, 6);
INSERT INTO Pago_Ordenes (id, Cantidad_ordenada, precio_orden, created_at, updated_at, id_orden, id_producto) VALUES (7, 1, 1565, SYSTIMESTAMP, NULL, 7, 7);
INSERT INTO Pago_Ordenes (id, Cantidad_ordenada, precio_orden, created_at, updated_at, id_orden, id_producto) VALUES (8, 1, 30000, SYSTIMESTAMP, NULL, 8, 8);
INSERT INTO Pago_Ordenes (id, Cantidad_ordenada, precio_orden, created_at, updated_at, id_orden, id_producto) VALUES (9, 1, 10580, SYSTIMESTAMP, NULL, 9, 9);
INSERT INTO Pago_Ordenes (id, Cantidad_ordenada, precio_orden, created_at, updated_at, id_orden, id_producto) VALUES (10, 1, 125696, SYSTIMESTAMP, NULL, 10, 10);
--ORDENES PRODUCTOS
INSERT INTO Ordenes_Productos (id, Cantidad_ordenada, Precio_orden, created_at, updated_at, id_orden, id_producto) VALUES (1, 1, 100, SYSTIMESTAMP, NULL, 1, 1);
INSERT INTO Ordenes_Productos (id, Cantidad_ordenada, Precio_orden, created_at, updated_at, id_orden, id_producto) VALUES (2, 1, 1200, SYSTIMESTAMP, NULL, 2, 2);
INSERT INTO Ordenes_Productos (id, Cantidad_ordenada, Precio_orden, created_at, updated_at, id_orden, id_producto) VALUES (3, 1, 5000, SYSTIMESTAMP, NULL, 3, 3);
INSERT INTO Ordenes_Productos (id, Cantidad_ordenada, Precio_orden, created_at, updated_at, id_orden, id_producto) VALUES (4, 1, 50, SYSTIMESTAMP, NULL, 4, 4);
INSERT INTO Ordenes_Productos (id, Cantidad_ordenada, Precio_orden, created_at, updated_at, id_orden, id_producto) VALUES (5, 1, 2000, SYSTIMESTAMP, NULL, 5, 5);
INSERT INTO Ordenes_Productos (id, Cantidad_ordenada, Precio_orden, created_at, updated_at, id_orden, id_producto) VALUES (6, 1, 1000, SYSTIMESTAMP, NULL, 6, 6);
INSERT INTO Ordenes_Productos (id, Cantidad_ordenada, Precio_orden, created_at, updated_at, id_orden, id_producto) VALUES (7, 1, 1565, SYSTIMESTAMP, NULL, 7, 7);
INSERT INTO Ordenes_Productos (id, Cantidad_ordenada, Precio_orden, created_at, updated_at, id_orden, id_producto) VALUES (8, 1, 30000, SYSTIMESTAMP, NULL, 8, 8);
INSERT INTO Ordenes_Productos (id, Cantidad_ordenada, Precio_orden, created_at, updated_at, id_orden, id_producto) VALUES (9, 1, 10580, SYSTIMESTAMP, NULL, 9, 9);
INSERT INTO Ordenes_Productos (id, Cantidad_ordenada, Precio_orden, created_at, updated_at, id_orden, id_producto) VALUES (10, 1, 125696, SYSTIMESTAMP, NULL, 10, 10);
--MOVIMIENTOS
INSERT INTO Movimientos (id, fecha_estimada_entrega, fecha_solicitud_entrega, created_at, updated_at, id_sede_origen, id_sede_destino) VALUES (1, SYSTIMESTAMP, SYSTIMESTAMP, SYSTIMESTAMP, NULL, 1, 2);
INSERT INTO Movimientos (id, fecha_estimada_entrega, fecha_solicitud_entrega, created_at, updated_at, id_sede_origen, id_sede_destino) VALUES (2, SYSTIMESTAMP, SYSTIMESTAMP, SYSTIMESTAMP, NULL, 3, 4);
INSERT INTO Movimientos (id, fecha_estimada_entrega, fecha_solicitud_entrega, created_at, updated_at, id_sede_origen, id_sede_destino) VALUES (3, SYSTIMESTAMP, SYSTIMESTAMP, SYSTIMESTAMP, NULL, 5, 6);
INSERT INTO Movimientos (id, fecha_estimada_entrega, fecha_solicitud_entrega, created_at, updated_at, id_sede_origen, id_sede_destino) VALUES (4, SYSTIMESTAMP, SYSTIMESTAMP, SYSTIMESTAMP, NULL, 7, 8);
INSERT INTO Movimientos (id, fecha_estimada_entrega, fecha_solicitud_entrega, created_at, updated_at, id_sede_origen, id_sede_destino) VALUES (5, SYSTIMESTAMP, SYSTIMESTAMP, SYSTIMESTAMP, NULL, 9, 1);
INSERT INTO Movimientos (id, fecha_estimada_entrega, fecha_solicitud_entrega, created_at, updated_at, id_sede_origen, id_sede_destino) VALUES (6, SYSTIMESTAMP, SYSTIMESTAMP, SYSTIMESTAMP, NULL, 2, 10);
INSERT INTO Movimientos (id, fecha_estimada_entrega, fecha_solicitud_entrega, created_at, updated_at, id_sede_origen, id_sede_destino) VALUES (7, SYSTIMESTAMP, SYSTIMESTAMP, SYSTIMESTAMP, NULL, 5, 3);
INSERT INTO Movimientos (id, fecha_estimada_entrega, fecha_solicitud_entrega, created_at, updated_at, id_sede_origen, id_sede_destino) VALUES (8, SYSTIMESTAMP, SYSTIMESTAMP, SYSTIMESTAMP, NULL, 6, 7);
INSERT INTO Movimientos (id, fecha_estimada_entrega, fecha_solicitud_entrega, created_at, updated_at, id_sede_origen, id_sede_destino) VALUES (9, SYSTIMESTAMP, SYSTIMESTAMP, SYSTIMESTAMP, NULL, 8, 9);
INSERT INTO Movimientos (id, fecha_estimada_entrega, fecha_solicitud_entrega, created_at, updated_at, id_sede_origen, id_sede_destino) VALUES (10, SYSTIMESTAMP, SYSTIMESTAMP, SYSTIMESTAMP, NULL, 10, 1);
--MOVIMIENTO PRODUCTOS
INSERT INTO Movimiento_Productos (id, Cantidad_movimiento, created_at, updated_at, id_producto, id_movimiento) VALUES (1, 1, SYSTIMESTAMP, NULL, 1, 1);
INSERT INTO Movimiento_Productos (id, Cantidad_movimiento, created_at, updated_at, id_producto, id_movimiento) VALUES (2, 1, SYSTIMESTAMP, NULL, 2, 2);
INSERT INTO Movimiento_Productos (id, Cantidad_movimiento, created_at, updated_at, id_producto, id_movimiento) VALUES (3, 1, SYSTIMESTAMP, NULL, 3, 3);
INSERT INTO Movimiento_Productos (id, Cantidad_movimiento, created_at, updated_at, id_producto, id_movimiento) VALUES (4, 1, SYSTIMESTAMP, NULL, 4, 4);
INSERT INTO Movimiento_Productos (id, Cantidad_movimiento, created_at, updated_at, id_producto, id_movimiento) VALUES (5, 1, SYSTIMESTAMP, NULL, 5, 5);
INSERT INTO Movimiento_Productos (id, Cantidad_movimiento, created_at, updated_at, id_producto, id_movimiento) VALUES (6, 1, SYSTIMESTAMP, NULL, 6, 6);
INSERT INTO Movimiento_Productos (id, Cantidad_movimiento, created_at, updated_at, id_producto, id_movimiento) VALUES (7, 1, SYSTIMESTAMP, NULL, 7, 7);
INSERT INTO Movimiento_Productos (id, Cantidad_movimiento, created_at, updated_at, id_producto, id_movimiento) VALUES (8, 1, SYSTIMESTAMP, NULL, 8, 8);
INSERT INTO Movimiento_Productos (id, Cantidad_movimiento, created_at, updated_at, id_producto, id_movimiento) VALUES (9, 1, SYSTIMESTAMP, NULL, 9, 9);
INSERT INTO Movimiento_Productos (id, Cantidad_movimiento, created_at, updated_at, id_producto, id_movimiento) VALUES (10, 1, SYSTIMESTAMP, NULL, 10, 10);
COMMIT;
